Fact,"Alameda County, California","Alpine County, California","Amador County, California","Butte County, California","Calaveras County, California","Colusa County, California","Contra Costa County, California","Del Norte County, California","El Dorado County, California","Fresno County, California","Glenn County, California","Humboldt County, California","Imperial County, California","Inyo County, California","Kern County, California","Kings County, California","Lake County, California","Lassen County, California","Los Angeles County, California","Madera County, California","Marin County, California","Mariposa County, California","Mendocino County, California","Merced County, California","Modoc County, California","Mono County, California","Monterey County, California","Napa County, California","Nevada County, California","Orange County, California","Placer County, California","Plumas County, California","Riverside County, California","Sacramento County, California","San Benito County, California","San Bernardino County, California","San Diego County, California","San Francisco County, California","San Joaquin County, California","San Luis Obispo County, California","San Mateo County, California","Santa Barbara County, California","Santa Clara County, California","Santa Cruz County, California","Shasta County, California","Sierra County, California","Siskiyou County, California","Solano County, California","Sonoma County, California","Stanislaus County, California","Sutter County, California","Tehama County, California","Trinity County, California","Tulare County, California","Tuolumne County, California","Ventura County, California","Yolo County, California","Yuba County, California"
"Population estimates, July 1, 2019,  (V2019)","1,671,329","1,129","39,752","219,186","45,905","21,547","1,153,526","27,812","192,843","999,101","28,393","135,558","181,215","18,039","900,202","152,940","64,386","30,573","10,039,107","157,327","258,826","17,203","86,749","277,680","8,841","14,444","434,061","137,744","99,755","3,175,692","398,329","18,807","2,470,546","1,552,058","62,808","2,180,085","3,338,330","881,549","762,148","283,111","766,573","446,499","1,927,852","273,213","180,080","3,005","43,539","447,643","494,336","550,660","96,971","65,084","12,285","466,195","54,478","846,006","220,500","78,668"
"Population estimates base, April 1, 2010,  (V2019)","1,510,258","1,175","38,091","220,005","45,578","21,407","1,049,204","28,610","181,058","930,507","28,122","134,611","174,524","18,542","839,621","152,974","64,662","34,895","9,819,968","150,834","252,430","18,247","87,850","255,796","9,682","14,206","415,059","136,535","98,747","3,008,989","348,502","20,007","2,189,765","1,418,735","55,265","2,035,183","3,095,349","805,184","685,306","269,597","718,517","423,947","1,781,686","262,350","177,221","3,239","44,900","413,343","483,861","514,450","94,756","63,440","13,784","442,182","55,368","823,398","200,855","72,142"
"Population, percent change - April 1, 2010 (estimates base) to July 1, 2019,  (V2019)",10.70%,-3.90%,4.40%,-0.40%,0.70%,0.70%,9.90%,-2.80%,6.50%,7.40%,1.00%,0.70%,3.80%,-2.70%,7.20%,0.00%,-0.40%,-12.40%,2.20%,4.30%,2.50%,-5.70%,-1.30%,8.60%,-8.70%,1.70%,4.60%,0.90%,1.00%,5.50%,14.30%,-6.00%,12.80%,9.40%,13.60%,7.10%,7.80%,9.50%,11.20%,5.00%,6.70%,5.30%,8.20%,4.10%,1.60%,-7.20%,-3.00%,8.30%,2.20%,7.00%,2.30%,2.60%,-10.90%,5.40%,-1.60%,2.70%,9.80%,9.00%
"Population, Census, April 1, 2010","1,510,271","1,175","38,091","220,000","45,578","21,419","1,049,025","28,610","181,058","930,450","28,122","134,623","174,528","18,546","839,631","152,982","64,665","34,895","9,818,605","150,865","252,409","18,251","87,841","255,793","9,686","14,202","415,057","136,484","98,764","3,010,232","348,432","20,007","2,189,641","1,418,788","55,269","2,035,210","3,095,313","805,235","685,306","269,637","718,451","423,895","1,781,642","262,382","177,223","3,240","44,900","413,344","483,878","514,453","94,737","63,463","13,786","442,179","55,365","823,318","200,849","72,155"
"Persons under 5 years, percent",5.70%,4.30%,4.10%,5.50%,4.50%,6.90%,5.60%,5.20%,4.60%,7.60%,7.00%,5.10%,8.00%,5.50%,7.60%,7.60%,5.90%,4.80%,5.80%,7.30%,4.50%,4.20%,5.70%,7.70%,4.80%,4.80%,6.90%,4.80%,4.20%,5.80%,5.30%,4.80%,6.30%,6.30%,6.50%,7.00%,6.10%,4.50%,6.90%,4.50%,5.50%,6.10%,5.80%,4.90%,5.80%,4.60%,5.00%,6.00%,4.80%,7.10%,6.90%,6.10%,4.60%,7.80%,4.40%,5.70%,5.30%,7.80%
"Persons under 18 years, percent",20.30%,17.70%,15.10%,20.30%,17.10%,27.10%,22.40%,20.90%,19.80%,28.20%,26.60%,18.90%,28.50%,20.70%,28.80%,27.00%,21.20%,17.30%,21.40%,27.40%,19.80%,16.10%,21.10%,29.30%,19.40%,17.80%,26.00%,20.20%,17.00%,21.70%,22.10%,17.40%,24.90%,23.40%,25.50%,26.10%,21.40%,13.40%,26.80%,17.50%,20.20%,22.10%,21.60%,19.00%,21.60%,16.50%,20.10%,22.00%,19.30%,27.00%,25.80%,23.80%,17.30%,30.50%,16.80%,22.60%,20.80%,27.40%
"Persons 65 years and over, percent",14.30%,26.40%,27.50%,18.40%,28.00%,14.90%,16.30%,18.40%,21.90%,12.60%,15.80%,18.60%,13.30%,23.40%,11.20%,10.50%,23.10%,15.50%,14.10%,14.30%,23.00%,28.90%,23.10%,11.40%,27.50%,16.10%,14.00%,19.70%,28.40%,15.30%,19.90%,28.90%,14.80%,14.50%,13.10%,11.90%,14.50%,16.10%,13.10%,20.90%,16.60%,15.70%,13.90%,17.30%,21.10%,32.00%,26.10%,16.30%,20.70%,13.40%,15.60%,19.60%,28.30%,11.60%,27.00%,16.20%,12.90%,13.10%
"Female persons, percent",50.70%,46.10%,45.60%,50.50%,50.20%,49.10%,51.10%,45.40%,50.10%,50.10%,49.10%,50.40%,48.70%,49.90%,48.80%,44.90%,50.00%,37.80%,50.70%,51.80%,51.10%,49.10%,50.40%,49.50%,49.70%,47.00%,49.10%,50.20%,50.90%,50.70%,51.20%,50.20%,50.10%,51.10%,49.90%,50.20%,49.70%,49.00%,50.10%,49.40%,50.50%,50.00%,49.30%,50.50%,50.90%,49.80%,50.30%,50.20%,51.20%,50.40%,50.20%,50.30%,48.60%,50.00%,48.20%,50.50%,51.50%,49.40%
"White alone, percent",49.30%,67.90%,89.60%,85.70%,91.00%,91.10%,65.10%,78.10%,88.60%,76.60%,89.10%,83.20%,90.20%,79.80%,82.30%,80.80%,87.00%,80.90%,70.70%,85.90%,85.30%,89.30%,86.10%,82.20%,88.20%,90.10%,82.80%,83.60%,93.30%,71.10%,83.90%,90.50%,79.60%,62.80%,87.40%,76.60%,75.40%,52.80%,66.10%,88.80%,59.50%,85.40%,52.40%,87.00%,87.60%,92.60%,85.90%,59.60%,86.80%,83.30%,72.70%,90.20%,87.00%,88.20%,90.30%,84.10%,74.00%,78.40%
"Black or African American alone, percent",11.00%,0.40%,2.70%,1.90%,1.10%,1.30%,9.50%,3.50%,1.00%,5.80%,1.30%,1.50%,3.30%,1.20%,6.30%,7.50%,2.10%,8.40%,9.00%,4.20%,2.80%,1.30%,1.10%,3.90%,1.40%,0.80%,3.40%,2.50%,0.60%,2.10%,1.90%,1.10%,7.30%,10.90%,1.60%,9.40%,5.50%,5.60%,8.30%,2.00%,2.80%,2.40%,2.80%,1.50%,1.20%,0.70%,1.50%,14.80%,2.10%,3.50%,2.70%,1.10%,0.80%,2.20%,2.00%,2.40%,3.00%,4.50%
"American Indian and Alaska Native alone, percent",1.10%,25.70%,2.30%,2.50%,2.00%,2.80%,1.00%,9.70%,1.30%,3.00%,3.20%,6.40%,2.50%,13.50%,2.60%,3.20%,4.50%,4.30%,1.40%,4.40%,1.00%,3.50%,6.30%,2.50%,5.10%,2.90%,2.60%,1.30%,1.30%,1.00%,1.10%,3.20%,1.90%,1.50%,3.10%,2.10%,1.30%,0.70%,2.00%,1.40%,0.90%,2.10%,1.20%,1.80%,3.20%,2.60%,5.10%,1.30%,2.20%,2.00%,2.40%,3.30%,5.20%,2.80%,2.30%,1.90%,1.80%,2.90%
"Asian alone, percent",32.30%,1.60%,1.70%,5.00%,1.90%,1.60%,18.30%,3.10%,4.80%,11.10%,3.10%,2.90%,2.10%,1.70%,5.40%,4.40%,1.40%,1.60%,15.40%,2.60%,6.60%,1.60%,2.30%,7.80%,1.20%,2.60%,6.70%,8.90%,1.50%,21.70%,8.20%,1.10%,7.20%,17.00%,3.90%,8.00%,12.60%,36.00%,17.40%,4.00%,30.60%,6.00%,39.00%,5.30%,3.10%,0.90%,1.60%,16.20%,4.60%,6.10%,17.00%,1.40%,1.50%,4.00%,1.50%,7.90%,15.10%,7.30%
"Native Hawaiian and Other Pacific Islander alone, percent",0.90%,X,0.30%,0.30%,0.30%,0.60%,0.60%,0.20%,0.20%,0.30%,0.20%,0.30%,0.20%,0.20%,0.30%,0.40%,0.30%,0.90%,0.40%,0.30%,0.30%,0.20%,0.30%,0.40%,0.40%,0.40%,0.60%,0.40%,0.20%,0.40%,0.30%,0.20%,0.40%,1.30%,0.40%,0.50%,0.60%,0.50%,0.80%,0.20%,1.50%,0.30%,0.50%,0.20%,0.20%,0.10%,0.40%,1.00%,0.40%,0.90%,0.40%,0.20%,0.20%,0.20%,0.30%,0.30%,0.60%,0.60%
"Two or More Races, percent",5.40%,4.40%,3.40%,4.60%,3.90%,2.70%,5.40%,5.40%,3.90%,3.20%,3.00%,5.70%,1.70%,3.60%,3.20%,3.70%,4.70%,4.00%,3.10%,2.60%,4.00%,4.00%,3.90%,3.20%,3.70%,3.30%,3.80%,3.30%,3.10%,3.60%,4.60%,4.00%,3.60%,6.50%,3.60%,3.60%,4.60%,4.50%,5.50%,3.60%,4.80%,3.80%,4.20%,4.20%,4.60%,3.10%,5.50%,7.10%,4.00%,4.20%,4.80%,3.70%,5.30%,2.70%,3.60%,3.50%,5.60%,6.40%
"Hispanic or Latino, percent",22.30%,12.30%,14.50%,17.20%,13.00%,60.40%,26.00%,20.10%,13.20%,53.80%,42.50%,12.10%,85.00%,23.40%,54.60%,55.30%,22.00%,19.30%,48.60%,58.80%,16.30%,12.10%,25.80%,61.00%,14.60%,26.80%,59.40%,34.60%,9.80%,34.00%,14.40%,9.30%,50.00%,23.60%,60.80%,54.40%,34.10%,15.20%,42.00%,22.90%,24.00%,46.00%,25.00%,34.00%,10.50%,12.70%,13.20%,27.30%,27.30%,47.60%,31.90%,25.80%,7.40%,65.60%,12.70%,43.20%,31.90%,29.10%
"White alone, not Hispanic or Latino, percent",30.60%,61.30%,77.30%,70.90%,79.90%,34.10%,42.70%,62.00%,77.20%,28.60%,50.50%,73.80%,10.00%,60.80%,32.80%,31.30%,68.90%,64.70%,26.10%,33.20%,71.10%,79.30%,64.30%,26.50%,77.20%,65.80%,29.40%,51.80%,84.70%,39.80%,71.50%,83.10%,34.10%,43.80%,32.80%,27.30%,45.00%,40.20%,30.50%,68.50%,38.70%,43.80%,30.60%,56.80%,79.20%,82.10%,75.20%,37.20%,62.90%,40.40%,44.90%,67.30%,81.90%,27.70%,79.70%,44.70%,46.00%,54.00%
"Veterans, 2015-2019","48,602",79,"3,810","14,209","4,491",830,"46,968","2,048","13,604","36,125","1,411","8,079","5,528","1,526","35,594","9,684","5,360","1,984","261,742","6,317","10,516","1,485","5,941","9,225",780,705,"16,874","7,363","8,015","107,811","25,888","1,876","122,308","77,463","2,619","90,686","217,188","23,619","29,013","16,767","25,027","21,027","51,472","10,208","13,808",292,"3,871","33,337","25,613","21,051","5,986","4,392","1,150","14,633","5,190","39,781","7,678","5,882"
"Foreign born persons, percent, 2015-2019",32.50%,5.10%,6.00%,7.30%,4.80%,27.00%,25.40%,7.60%,9.20%,21.20%,18.20%,5.30%,30.70%,9.30%,19.90%,18.90%,8.70%,5.60%,34.00%,20.20%,18.10%,5.80%,12.40%,26.30%,7.50%,19.70%,29.80%,22.10%,4.80%,30.10%,11.40%,4.20%,21.60%,20.90%,19.90%,21.00%,23.40%,34.30%,23.30%,10.10%,34.80%,23.00%,39.20%,17.80%,5.50%,2.30%,5.40%,20.10%,16.40%,20.30%,22.20%,8.40%,4.70%,21.80%,4.80%,21.80%,23.20%,12.80%
"Housing units,  July 1, 2019,  (V2019)","622,922","1,782","18,625","86,209","28,181","8,125","418,707","11,434","91,660","336,473","11,098","63,727","58,280","9,609","302,898","46,965","34,572","12,784","3,579,329","51,438","113,344","10,445","41,027","86,388","5,276","14,208","143,201","55,647","54,809","1,118,110","168,919","15,916","857,148","578,937","19,979","731,400","1,233,777","406,413","248,636","123,963","280,450","159,246","686,266","107,149","78,618","2,368","24,226","159,806","208,305","182,978","34,583","27,840","9,013","151,603","31,700","291,512","79,263","29,049"
"Owner-occupied housing unit rate, 2015-2019",53.50%,84.00%,76.50%,59.00%,77.80%,61.00%,65.90%,63.10%,75.70%,53.30%,59.40%,56.80%,58.30%,65.50%,58.30%,52.30%,66.40%,67.60%,45.80%,64.10%,63.70%,68.40%,59.90%,52.20%,74.90%,64.40%,51.00%,64.20%,74.20%,57.40%,71.90%,72.90%,66.30%,56.40%,63.70%,59.80%,53.30%,37.60%,56.60%,61.60%,60.20%,52.10%,56.40%,60.10%,64.00%,75.40%,65.00%,61.50%,61.50%,57.80%,57.70%,65.40%,68.90%,57.10%,71.30%,63.20%,51.60%,60.50%
"Median value of owner-occupied housing units, 2015-2019","$769,300 ","$365,300 ","$313,700 ","$271,700 ","$319,500 ","$265,200 ","$625,800 ","$218,800 ","$460,900 ","$255,000 ","$233,200 ","$313,200 ","$195,800 ","$269,100 ","$213,900 ","$215,900 ","$219,400 ","$203,000 ","$583,200 ","$251,200 ","$995,800 ","$275,700 ","$377,500 ","$252,700 ","$140,600 ","$312,500 ","$516,600 ","$635,900 ","$431,000 ","$679,300 ","$471,500 ","$242,300 ","$350,100 ","$351,900 ","$551,500 ","$328,200 ","$563,700 ","$1,097,800 ","$342,100 ","$574,000 ","$1,089,400 ","$577,400 ","$984,000 ","$756,600 ","$252,300 ","$231,400 ","$198,900 ","$406,900 ","$609,600 ","$291,600 ","$279,400 ","$215,900 ","$287,700 ","$205,000 ","$289,200 ","$588,400 ","$424,900 ","$257,100 "
"Median selected monthly owner costs -with a mortgage, 2015-2019","$2,931 ","$1,875 ","$1,774 ","$1,640 ","$1,891 ","$1,590 ","$2,745 ","$1,400 ","$2,281 ","$1,631 ","$1,518 ","$1,742 ","$1,458 ","$1,873 ","$1,527 ","$1,459 ","$1,561 ","$1,449 ","$2,498 ","$1,551 ","$3,649 ","$1,659 ","$1,906 ","$1,493 ","$1,149 ","$1,851 ","$2,265 ","$2,665 ","$2,112 ","$2,789 ","$2,377 ","$1,528 ","$1,993 ","$1,925 ","$2,517 ","$1,818 ","$2,578 ","$3,647 ","$1,907 ","$2,351 ","$3,533 ","$2,364 ","$3,381 ","$2,825 ","$1,593 ","$1,525 ","$1,329 ","$2,168 ","$2,441 ","$1,702 ","$1,677 ","$1,411 ","$1,454 ","$1,420 ","$1,748 ","$2,567 ","$2,225 ","$1,677 "
"Median selected monthly owner costs -without a mortgage, 2015-2019",$690 ,$515 ,$561 ,$488 ,$565 ,$458 ,$725 ,$437 ,$655 ,$484 ,$422 ,$464 ,$451 ,$483 ,$452 ,$446 ,$505 ,$389 ,$608 ,$478 ,$922 ,$447 ,$499 ,$460 ,$334 ,$538 ,$593 ,$675 ,$628 ,$651 ,$689 ,$483 ,$572 ,$539 ,$683 ,$483 ,$621 ,$704 ,$523 ,$613 ,$765 ,$634 ,$795 ,$665 ,$499 ,$548 ,$430 ,$558 ,$649 ,$503 ,$504 ,$413 ,$355 ,$421 ,$571 ,$617 ,$580 ,$446 
"Median gross rent, 2015-2019","$1,797 ",$538 ,"$1,103 ","$1,060 ","$1,339 ",$889 ,"$1,819 ",$878 ,"$1,260 ",$998 ,$835 ,$981 ,$830 ,$919 ,$978 ,$990 ,$978 ,$956 ,"$1,460 ","$1,014 ","$2,069 ",$929 ,"$1,146 ","$1,021 ",$717 ,"$1,206 ","$1,495 ","$1,700 ","$1,273 ","$1,854 ","$1,542 ",$916 ,"$1,375 ","$1,252 ","$1,535 ","$1,283 ","$1,658 ","$1,895 ","$1,208 ","$1,476 ","$2,316 ","$1,643 ","$2,268 ","$1,717 ","$1,039 ",$972 ,$856 ,"$1,592 ","$1,621 ","$1,155 ","$1,033 ",$872 ,$799 ,$942 ,"$1,009 ","$1,776 ","$1,324 ","$1,002 "
"Building permits, 2019","6,402",5,119,"1,426",117,37,"2,687",30,596,"3,393",48,387,398,8,"2,261",409,88,12,"21,565",644,240,35,132,948,6,69,480,749,502,"8,989","2,352",38,"8,992","5,588",734,"5,607","8,216","3,200","3,499","1,094","1,352","1,175","5,496",429,544,7,50,"1,089","2,429",699,140,152,16,"1,872",66,"1,146",895,538
"Households, 2015-2019","577,177",350,"14,594","85,320","16,942","7,227","394,769","9,945","70,974","307,906","10,085","54,679","44,829","7,950","270,282","43,452","25,660","9,280","3,316,795","44,881","105,432","7,643","34,408","80,008","3,616","4,765","127,155","48,705","40,855","1,037,492","142,855","8,450","724,893","543,025","18,135","636,041","1,125,286","362,354","228,567","105,981","263,543","145,856","640,215","95,818","71,181","1,319","19,240","149,865","189,374","173,898","32,636","24,189","5,939","138,238","22,502","271,040","74,296","26,354"
"Persons per household, 2015-2019",2.82,2.87,2.38,2.57,2.66,2.94,2.87,2.47,2.63,3.14,2.74,2.41,3.81,2.18,3.17,3.13,2.46,2.26,2.99,3.28,2.4,2.13,2.47,3.32,2.33,2.93,3.27,2.78,2.4,3.01,2.67,2.16,3.28,2.76,3.31,3.29,2.87,2.36,3.17,2.51,2.87,2.91,2.95,2.72,2.47,2.28,2.23,2.88,2.59,3.09,2.91,2.61,2.09,3.3,2.24,3.08,2.81,2.84
"Living in same house 1 year ago, percent of persons age 1 year+, 2015-2019",87.20%,90.90%,87.70%,81.20%,89.00%,87.80%,87.60%,82.30%,85.20%,85.80%,90.20%,80.80%,88.00%,88.50%,86.10%,81.90%,82.60%,73.50%,89.70%,87.90%,86.40%,87.60%,86.90%,86.60%,83.00%,83.90%,88.20%,88.90%,89.10%,87.30%,86.40%,84.70%,87.20%,84.90%,88.60%,86.80%,84.70%,85.60%,86.80%,82.20%,88.00%,80.90%,85.50%,85.40%,85.90%,94.70%,83.40%,85.60%,86.50%,87.90%,85.30%,87.10%,88.70%,88.60%,83.60%,89.70%,79.30%,83.10%
"Language other than English spoken at home, percent of persons age 5 years+, 2015-2019",45.60%,9.70%,10.60%,15.30%,7.20%,51.70%,35.80%,12.10%,12.20%,44.60%,38.00%,11.70%,76.50%,17.20%,44.20%,41.50%,16.20%,18.40%,56.60%,45.30%,21.90%,9.60%,21.40%,53.30%,12.80%,26.30%,55.20%,34.90%,7.60%,45.60%,15.50%,7.90%,41.10%,32.70%,39.70%,42.10%,37.60%,42.90%,40.90%,18.00%,45.70%,40.30%,53.00%,32.10%,8.30%,9.70%,8.90%,29.90%,25.60%,42.90%,37.30%,18.90%,8.60%,51.30%,7.90%,38.40%,38.00%,25.30%
"Households with a computer, percent, 2015-2019",94.30%,92.90%,90.80%,92.50%,89.60%,86.80%,95.20%,89.20%,94.10%,89.20%,84.80%,91.10%,87.20%,91.60%,87.50%,90.50%,87.40%,85.20%,92.00%,89.80%,95.00%,86.30%,87.80%,91.10%,78.30%,92.60%,90.50%,93.60%,92.60%,95.30%,95.20%,88.40%,92.70%,94.20%,94.70%,93.00%,94.90%,93.10%,91.00%,94.00%,95.30%,92.90%,96.00%,92.40%,89.30%,80.70%,87.50%,94.40%,94.20%,91.60%,89.00%,86.00%,81.60%,87.60%,90.50%,92.70%,94.00%,90.50%
"Households with a broadband Internet subscription, percent, 2015-2019",88.90%,82.60%,84.60%,85.40%,82.30%,81.00%,91.70%,79.70%,87.20%,80.20%,71.60%,83.50%,77.50%,80.30%,79.70%,80.40%,76.60%,78.80%,84.30%,79.90%,91.30%,74.90%,81.10%,83.90%,69.70%,84.10%,84.20%,89.10%,85.70%,90.70%,89.60%,77.90%,86.60%,87.90%,90.20%,84.40%,90.20%,87.60%,82.90%,88.00%,91.00%,87.80%,91.80%,87.30%,80.30%,74.80%,80.20%,90.50%,89.50%,84.80%,82.70%,75.70%,67.80%,77.70%,82.00%,88.20%,88.30%,83.10%
"High school graduate or higher, percent of persons age 25 years+, 2015-2019",88.40%,91.20%,90.00%,89.20%,90.20%,71.30%,89.50%,80.10%,93.40%,76.00%,74.80%,90.50%,69.70%,88.60%,74.10%,73.40%,85.80%,83.20%,79.10%,71.90%,93.30%,90.60%,86.50%,69.10%,84.80%,88.60%,71.50%,85.50%,94.40%,85.50%,94.50%,95.10%,82.00%,87.70%,80.50%,80.00%,87.40%,88.50%,79.30%,91.30%,89.60%,80.90%,88.40%,86.30%,91.10%,92.40%,90.20%,88.40%,88.80%,78.90%,78.20%,84.50%,92.40%,70.80%,90.70%,85.00%,86.50%,82.30%
"Bachelor's degree or higher, percent of persons age 25 years+, 2015-2019",47.40%,34.50%,19.30%,27.20%,18.30%,15.00%,42.40%,14.80%,34.30%,21.20%,14.20%,30.40%,15.20%,27.20%,16.40%,14.70%,15.50%,12.90%,32.50%,14.60%,59.50%,24.60%,24.40%,13.80%,15.20%,28.80%,24.70%,35.70%,37.20%,40.60%,39.70%,23.70%,22.30%,30.90%,19.70%,21.00%,38.80%,58.10%,18.80%,35.40%,51.00%,34.20%,52.40%,40.80%,22.20%,17.90%,23.20%,26.90%,35.50%,17.10%,18.20%,15.70%,19.50%,14.60%,20.50%,33.80%,41.40%,17.10%
"With a disability, under age 65 years, percent, 2015-2019",5.60%,12.80%,12.60%,12.60%,15.10%,8.90%,7.50%,14.60%,8.50%,9.20%,9.90%,12.10%,9.10%,6.60%,7.80%,8.60%,13.40%,13.30%,6.10%,8.70%,5.10%,15.00%,12.60%,9.10%,8.90%,4.00%,5.50%,7.50%,9.30%,5.00%,6.10%,11.70%,7.50%,7.80%,6.00%,7.40%,6.20%,5.70%,8.70%,7.10%,4.30%,6.20%,4.60%,8.80%,12.40%,12.70%,12.90%,8.10%,8.00%,9.00%,8.90%,13.40%,13.00%,8.20%,14.20%,6.80%,6.00%,11.20%
"Persons  without health insurance, under age 65 years, percent",5.00%,7.00%,6.00%,7.70%,7.40%,11.50%,5.90%,7.30%,5.70%,8.80%,11.90%,8.20%,8.20%,7.80%,9.00%,8.50%,8.90%,4.80%,10.20%,10.70%,4.80%,8.30%,10.00%,9.00%,9.40%,10.20%,11.90%,8.00%,6.80%,8.10%,4.60%,6.50%,9.10%,6.10%,8.00%,9.30%,9.20%,4.80%,7.80%,7.40%,4.90%,11.50%,5.10%,7.30%,7.00%,7.10%,8.40%,5.80%,8.20%,7.10%,9.00%,8.10%,9.00%,9.00%,6.20%,9.40%,6.80%,7.80%
"In civilian labor force, total, percent of population age 16 years+, 2015-2019",67.00%,46.00%,44.10%,56.30%,47.40%,62.30%,64.80%,44.10%,57.90%,60.90%,55.70%,59.80%,52.10%,58.30%,58.00%,51.80%,50.90%,34.60%,64.60%,54.30%,63.70%,51.80%,58.20%,59.60%,43.90%,72.00%,59.50%,65.10%,54.70%,65.50%,60.10%,51.10%,59.70%,62.70%,67.80%,60.30%,63.30%,71.10%,60.30%,57.70%,68.80%,63.60%,67.50%,63.70%,54.20%,51.70%,49.80%,62.20%,64.90%,60.90%,57.70%,53.30%,45.30%,59.00%,48.20%,65.00%,60.10%,56.10%
"In civilian labor force, female, percent of population age 16 years+, 2015-2019",61.00%,41.60%,45.20%,53.40%,45.10%,54.70%,58.80%,47.20%,53.20%,55.20%,46.30%,58.30%,51.10%,56.60%,52.40%,51.50%,48.20%,49.40%,58.20%,47.90%,58.80%,48.00%,53.00%,51.00%,44.50%,70.50%,54.30%,60.10%,49.60%,58.40%,54.70%,48.90%,53.00%,58.40%,61.30%,54.60%,58.90%,67.00%,53.60%,53.80%,63.20%,58.30%,60.20%,59.50%,50.70%,50.70%,48.00%,58.50%,60.30%,53.40%,50.70%,49.00%,43.90%,51.10%,47.70%,59.10%,56.10%,50.50%
"Total accommodation and food services sales, 2012 ($1,000)","3,192,420",D,"242,022","350,474","69,645","97,807","1,659,988","32,299","319,784","1,226,169","33,163","257,506","182,646","99,615","1,092,151","378,595","88,833","35,984","22,965,135","150,065","729,652","157,933","182,602","232,910","8,304","246,872","1,328,768","774,149","231,154","9,050,642","1,452,014",D,"5,230,919","2,422,674","49,887","2,857,960","10,403,824","6,142,745","808,606","824,771","2,552,854","1,428,929","4,809,201","586,009","285,536",D,"71,463","625,627","1,058,691","705,698","116,640","65,144","13,381","451,880","92,814","1,597,442","656,580","54,774"
"Total health care and social assistance receipts/revenue, 2012 ($1,000)","12,949,087",D,"147,701","1,434,454","108,936","41,246","8,262,635","121,283","680,939","5,325,615","51,980","695,496","511,132","121,556","3,675,000","587,818","256,618","84,085","67,261,267","760,956","2,102,255",D,"427,217","788,114","33,918","69,406","2,150,972","1,360,685","525,893","20,682,197","3,125,443","85,167","8,412,078","12,358,663","143,209","11,199,315","21,337,795","10,175,813","3,447,722","1,580,460","5,166,992","2,637,280","17,020,991","1,689,915","1,324,574",D,"174,118","3,241,785","3,156,169","3,634,960","392,432","179,484","27,947","1,610,236","345,557","3,987,634","846,965","396,851"
"Total manufacturers shipments, 2012 ($1,000)",D,X,"139,631","1,341,089",D,"474,519","33,681,206","41,171","517,354","8,658,325",D,D,"1,465,960",D,"6,890,714","2,904,014","80,536",X,"163,829,606","1,441,125",D,D,"453,444","4,435,633",D,D,"2,258,929","4,623,531","319,706","47,299,399","932,893",D,"15,137,013","6,960,679","591,100","17,591,611","33,320,461",D,"9,212,428","2,854,029",D,"4,157,565","41,450,609","1,213,401","511,871",D,"203,399","11,412,211","6,131,694","11,703,620","543,504","449,524",D,"8,362,447","173,104","8,333,976","2,538,431","107,200"
"Total merchant wholesaler sales, 2012 ($1,000)","37,580,614",X,D,D,D,"428,726","6,887,164",D,"316,707","9,266,337","160,076","361,890","1,599,144",D,"6,987,888","746,638",D,D,"199,804,798","508,930","1,864,552","18,908","407,625","2,260,180",D,D,"5,775,222",D,D,"97,795,982","4,474,436",D,"18,716,807","18,746,336","275,366","30,996,187","35,937,366","11,121,715","11,713,538",D,"15,969,681","3,475,600","91,858,973","5,898,193","1,023,859",D,"165,194","2,803,726","4,443,204","5,295,116","1,197,304","88,813",D,"3,890,547",D,D,"6,762,093",D
"Total retail sales, 2012 ($1,000)","20,901,014",576,"321,498","2,576,900","252,345","127,885","11,847,866","192,759","1,597,758","9,117,752","191,222","1,759,201","1,676,853","229,032","8,640,550","1,031,953","522,337","215,837","121,389,378","1,012,856","5,087,526","102,452","1,095,233","1,959,473","45,741","139,784","4,457,401","1,699,004","1,012,263","45,193,625","6,437,879","139,325","25,058,857","15,227,280","345,195","24,380,486","39,786,069","14,632,652","7,059,491","3,624,029","11,330,620","4,853,808","40,336,741","4,367,955","2,507,063","5,072","426,654","5,106,627","6,016,331","5,933,581","1,069,489","654,574","72,655","3,903,527","573,262","11,194,185","1,968,762","390,218"
"Total retail sales per capita, 2012","$13,444 ",$510 ,"$8,681 ","$11,632 ","$5,640 ","$5,973 ","$10,974 ","$6,814 ","$8,849 ","$9,619 ","$6,831 ","$13,048 ","$9,477 ","$12,383 ","$10,092 ","$6,818 ","$8,164 ","$6,413 ","$12,184 ","$6,654 ","$19,868 ","$5,722 ","$12,527 ","$7,470 ","$4,904 ","$9,742 ","$10,445 ","$12,219 ","$10,299 ","$14,625 ","$17,800 ","$7,182 ","$11,045 ","$10,501 ","$6,068 ","$11,714 ","$12,523 ","$17,718 ","$10,047 ","$13,188 ","$15,326 ","$11,255 ","$21,952 ","$16,373 ","$14,038 ","$1,644 ","$9,663 ","$12,137 ","$12,233 ","$11,373 ","$11,255 ","$10,324 ","$5,372 ","$8,637 ","$10,614 ","$13,390 ","$9,645 ","$5,351 "
"Mean travel time to work (minutes), workers age 16 years+, 2015-2019",34.3,18.1,32.7,20.9,38.3,25.7,38.7,14.5,30,23.1,22.2,18.7,22.1,16.5,23.3,22.8,30.7,20.6,31.8,28.3,32.6,26.6,20.8,28.6,16.1,15.1,23.4,25.6,25.5,28,27.9,19.8,34,27.8,35.7,31.6,26.5,33.8,34.2,21.7,29.3,20.5,29.3,27.7,20.5,30.6,18.4,33.2,25.6,29.9,27.5,23.4,21.6,22.6,26.9,27.2,24,30
"Median household income (in 2019 dollars), 2015-2019","$99,406 ","$63,750 ","$62,772 ","$52,537 ","$63,158 ","$59,401 ","$99,716 ","$45,283 ","$83,377 ","$53,969 ","$49,633 ","$48,041 ","$47,622 ","$57,316 ","$53,350 ","$57,848 ","$47,040 ","$56,352 ","$68,044 ","$57,585 ","$115,246 ","$48,820 ","$51,416 ","$53,672 ","$45,507 ","$62,260 ","$71,015 ","$88,596 ","$66,096 ","$90,234 ","$89,691 ","$55,359 ","$67,005 ","$67,151 ","$86,958 ","$63,362 ","$78,980 ","$112,449 ","$64,432 ","$73,518 ","$122,641 ","$74,624 ","$124,055 ","$82,234 ","$54,667 ","$52,148 ","$45,241 ","$81,472 ","$81,018 ","$60,704 ","$59,050 ","$44,514 ","$40,846 ","$49,687 ","$60,108 ","$88,131 ","$70,228 ","$58,054 "
"Per capita income in past 12 months (in 2019 dollars), 2015-2019","$47,314 ","$36,739 ","$31,987 ","$29,506 ","$33,456 ","$26,932 ","$48,178 ","$23,674 ","$42,749 ","$24,422 ","$22,668 ","$28,769 ","$18,018 ","$32,590 ","$23,326 ","$22,373 ","$27,362 ","$22,134 ","$34,156 ","$22,853 ","$72,466 ","$28,757 ","$29,035 ","$23,011 ","$22,843 ","$34,552 ","$30,073 ","$45,195 ","$39,233 ","$41,514 ","$43,759 ","$35,198 ","$28,596 ","$32,751 ","$33,174 ","$25,215 ","$38,073 ","$68,883 ","$27,521 ","$37,233 ","$61,545 ","$36,039 ","$56,248 ","$41,312 ","$29,720 ","$33,747 ","$28,615 ","$35,400 ","$42,178 ","$26,258 ","$27,371 ","$24,301 ","$26,523 ","$21,380 ","$34,702 ","$38,595 ","$34,515 ","$25,583 "
"Persons in poverty, percent",8.90%,17.20%,9.80%,16.10%,12.10%,12.00%,7.90%,17.90%,8.70%,20.50%,12.10%,19.10%,22.00%,11.70%,19.00%,16.00%,18.30%,16.50%,13.40%,17.60%,6.90%,15.10%,14.00%,17.00%,20.50%,10.10%,12.60%,7.40%,9.40%,9.50%,6.60%,13.20%,11.30%,12.60%,10.40%,13.30%,10.30%,9.50%,13.60%,11.60%,6.10%,12.00%,6.10%,10.60%,13.30%,12.70%,17.40%,9.00%,7.20%,13.00%,12.80%,16.30%,16.50%,18.90%,11.30%,8.20%,16.90%,15.20%
"Total employer establishments, 2018","40,508",40,831,"4,770",912,378,"24,286",401,"4,602","17,118",469,"3,203","2,561",504,"13,040","1,638","1,104",406,"280,826","1,984","10,091",312,"2,472","3,140",154,614,"8,765","4,317","3,108","98,442","11,053",606,"39,822","30,275",989,"36,275","86,070","34,671","11,715","8,510","21,480","11,765","48,960","7,051","4,236",69,"1,062","7,176","14,304","9,156","1,813",967,246,"6,470","1,281","21,344","4,195",798
"Total employment, 2018","698,915",521,"8,205","63,965","6,375","4,055","340,960","4,074","46,655","270,631","4,944","35,465","32,846","5,190","197,072","26,315","9,951","3,480","3,869,073","27,141","101,704","2,528","23,683","46,063","1,137","7,036","116,241","64,285","29,483","1,531,111","155,719","3,788","594,454","493,415","12,948","617,828","1,291,966","673,488","194,835","93,500","399,111","153,488","1,084,463","79,641","50,673",188,"8,554","115,426","177,148","145,041","22,670","12,513","1,537","97,726","12,741","264,123","67,490","10,096"
"Total annual payroll, 2018 ($1,000)","51,985,434","8,855","322,707","2,592,281","236,580","181,095","23,960,119","139,160","2,300,251","11,841,989","256,939","1,366,368","1,165,728","211,129","9,024,948","1,068,151","407,417","134,114","235,841,957","1,216,841","7,392,513","87,817","926,856","1,776,766","45,228","226,382","5,533,432","3,588,207","1,230,985","91,976,053","8,300,548","178,647","24,661,871","28,219,067","623,128","27,459,441","77,600,845","75,901,187","8,815,841","4,350,834","52,803,235","8,503,790","142,931,391","3,991,525","2,143,426","8,054","324,406","5,997,197","9,639,136","6,675,130","970,146","538,788","60,871","3,949,277","542,100","14,565,661","3,299,921","471,655"
"Total employment, percent change, 2017-2018",1.20%,-9.70%,0.10%,2.20%,1.50%,4.50%,1.30%,0.60%,1.10%,3.40%,0.10%,1.40%,2.30%,0.30%,3.90%,5.00%,1.50%,-2.20%,1.30%,1.40%,0.30%,2.60%,Z,0.80%,-8.30%,4.10%,2.70%,0.20%,1.40%,1.90%,4.00%,3.10%,3.40%,2.50%,2.20%,2.20%,2.00%,3.10%,2.00%,1.90%,3.40%,2.50%,2.70%,0.80%,0.80%,-10.00%,-3.70%,3.10%,2.40%,1.50%,3.70%,1.70%,-3.10%,1.10%,-0.70%,2.30%,2.30%,-2.10%
"Total nonemployer establishments, 2018","150,445",105,"2,835","13,121","3,591","1,051","100,779","1,326","17,441","55,668","1,437","11,275","10,098","1,299","49,553","5,119","3,898","1,116","1,107,080","7,504","38,207","1,376","8,390","11,717",590,"1,443","25,963","12,334","12,499","323,593","34,802","1,648","176,665","113,355","3,737","154,048","292,941","100,598","42,899","26,143","73,688","35,272","149,189","25,378","11,945",259,"3,347","26,699","46,153","30,181","6,251","3,307",915,"21,098","4,246","70,479","13,931","3,742"
"All firms, 2012","150,564",125,"2,807","16,240","3,387","1,138","93,083","1,686","16,711","59,569","1,880","12,821","11,202","1,717","51,393","6,091","4,466","1,236","1,146,701","8,094","39,815","1,529","9,569","12,848",427,"1,750","30,151","14,236","11,822","340,116","31,846","2,039","175,971","110,172","3,867","160,500","293,426","116,803","41,940","28,626","75,507","39,952","163,130","29,325","13,342",269,"3,489","25,724","52,975","33,036","5,461","3,954","1,123","23,310","4,466","76,285","13,884","3,432"
"Men-owned firms, 2012","76,387",F,"1,383","8,370","1,861",539,"47,721",727,"8,514","30,341",961,"6,709","5,340",732,"25,177","3,083","2,293",564,"601,676","3,888","19,795",733,"4,763","7,163",162,987,"15,108","7,574","6,086","180,456","16,123",942,"90,803","58,846","1,694","81,064","154,416","63,864","21,962","14,544","39,910","20,585","84,501","14,998","7,068",183,"1,626","11,695","26,518","16,930","2,907","2,219",543,"12,168","2,140","39,995","6,840","1,687"
"Women-owned firms, 2012","57,305",49,921,"5,341","1,008",306,"34,296",578,"5,445","22,727",705,"4,162","4,765",591,"20,004","2,112","1,624",410,"439,513","3,202","15,500",586,"3,226","4,071",194,518,"10,537","4,309","3,818","119,431","10,464",560,"66,313","40,013","1,596","63,349","105,329","40,135","14,941","9,282","26,594","13,911","58,589","10,986","4,162",64,"1,151","10,091","19,302","11,455","1,806","1,140",434,"8,115","1,484","26,682","5,186","1,357"
"Minority-owned firms, 2012","75,026",F,259,"1,858",291,397,"35,831",241,"2,340","30,912",593,"1,853","8,501",362,"26,610","2,862",639,231,"631,218","3,203","5,813",189,"1,518","6,912",55,230,"11,087","3,192","1,029","145,603","5,173",198,"85,804","43,535","1,408","98,288","106,472","46,128","20,472","4,950","30,914","10,340","82,931","6,086","1,752",F,411,"11,202","9,178","13,341","1,957",784,214,"11,023",350,"25,161","4,258",958
"Nonminority-owned firms, 2012","69,300",115,"2,453","13,644","2,983",656,"53,403","1,367","13,840","26,343","1,238","10,333","2,330","1,256","23,006","2,876","3,713",938,"481,643","4,524","32,232","1,246","7,528","5,448",350,"1,467","17,358","10,398","10,382","182,028","24,725","1,742","84,871","62,814","2,306","57,667","175,754","64,708","19,915","22,457","40,894","27,596","72,818","22,079","10,680",242,"2,867","13,085","41,571","18,348","3,108","3,001",838,"11,406","3,939","48,210","8,826","2,345"
"Veteran-owned firms, 2012","10,213",F,258,"1,766",392,55,"7,291",257,"1,659","4,556",89,"1,132",608,98,"3,770",691,503,97,"69,608",618,"3,304",162,762,"1,060",40,256,"2,414","1,446","1,136","22,774","3,095",218,"13,760","9,080",296,"11,117","25,354","6,378","3,449","2,588","5,141","3,254","9,400","2,135","1,422",F,283,"2,296","4,296","2,914",542,464,240,"1,677",444,"5,861","1,078",311
"Nonveteran-owned firms, 2012","134,032",116,"2,363","13,509","2,799",944,"81,940","1,295","14,367","51,988","1,587","11,005","10,000","1,552","45,383","5,039","3,812","1,025","1,044,750","7,044","34,571","1,285","8,242","11,149",347,"1,367","25,705","11,880","9,929","303,786","26,285","1,653","156,472","96,579","3,319","144,106","255,209","104,957","36,663","24,340","66,645","34,332","146,384","25,951","10,968",222,"3,028","21,710","45,989","28,584","4,598","3,282",805,"20,452","3,596","67,137","11,829","2,935"
"Population per square mile, 2010","2,043.60",1.6,64.1,134.4,44.7,18.6,"1,465.20",28.4,106,156.2,21.4,37.7,41.8,1.8,103.3,110.1,51.5,7.7,"2,419.60",70.6,485.1,12.6,25.1,132.2,2.5,4.7,126.5,182.4,103.1,"3,807.70",247.6,7.8,303.8,"1,470.80",39.8,101.5,735.8,"17,179.10",492.6,81.7,"1,602.20",155,"1,381.00",589.4,46.9,3.4,7.2,503,307.1,344.2,157.3,21.5,4.3,91.7,24.9,446.7,197.9,114.2
"Land area in square miles, 2010",739.02,738.33,594.58,"1,636.46","1,020.01","1,150.73",715.94,"1,006.37","1,707.88","5,957.99","1,313.95","3,567.99","4,176.60","10,180.88","8,131.92","1,389.42","1,256.46","4,541.18","4,057.88","2,137.07",520.31,"1,448.82","3,506.34","1,934.97","3,917.77","3,048.98","3,280.60",748.36,957.77,790.57,"1,407.01","2,553.04","7,206.48",964.64,"1,388.71","20,056.94","4,206.63",46.87,"1,391.32","3,298.57",448.41,"2,735.09","1,290.10",445.17,"3,775.40",953.21,"6,277.89",821.77,"1,575.85","1,494.83",602.41,"2,949.71","3,179.25","4,824.22","2,220.88","1,843.13","1,014.69",631.84
FIPS Code,"""06001""","""06003""","""06005""","""06007""","""06009""","""06011""","""06013""","""06015""","""06017""","""06019""","""06021""","""06023""","""06025""","""06027""","""06029""","""06031""","""06033""","""06035""","""06037""","""06039""","""06041""","""06043""","""06045""","""06047""","""06049""","""06051""","""06053""","""06055""","""06057""","""06059""","""06061""","""06063""","""06065""","""06067""","""06069""","""06071""","""06073""","""06075""","""06077""","""06079""","""06081""","""06083""","""06085""","""06087""","""06089""","""06091""","""06093""","""06095""","""06097""","""06099""","""06101""","""06103""","""06105""","""06107""","""06109""","""06111""","""06113""","""06115"""
